{
  "accuracy_test": 0.8868217054263566,
  "weighted_f1_test": 0.8914242739002346,
  "macro_f1_test": 0.8484002123717258,
  "precision_test": 0.9019388050063595,
  "recall_test": 0.8868217054263566,
  "roc_auc_test": 0.9731344716512113,
  "log_loss_test": 0.27478672870237975,
  "0_precision": 0,
  "1_precision": 0,
  "2_precision": 0,
  "0_recall": 0,
  "1_recall": 0,
  "2_recall": 0,
  "0_f1": 0,
  "1_f1": 0,
  "2_f1": 0
}